imgId_eId,val
d8edf2e40_0,-0.47747234
d8edf2e40_1,0.49948388
d8edf2e40_2,0.23024325
d8edf2e40_3,0.024728704
d8edf2e40_4,-0.8927579
d8edf2e40_5,0.15429467
d8edf2e40_6,-0.10452487
d8edf2e40_7,0.60684437
d8edf2e40_8,-0.35005152
d8edf2e40_9,0.55439293
d8edf2e40_10,-0.14214489
d8edf2e40_11,0.4495752
d8edf2e40_12,0.22591268
d8edf2e40_13,-0.3330424
d8edf2e40_14,0.033774417
d8edf2e40_15,0.60009265
d8edf2e40_16,0.6337753
d8edf2e40_17,0.012480533
d8edf2e40_18,-0.24421424
d8edf2e40_19,0.38252008
d8edf2e40_20,-1.0599537
d8edf2e40_21,1.2124593
d8edf2e40_22,-0.58700466
d8edf2e40_23,0.9023925
d8edf2e40_24,-0.8505206
d8edf2e40_25,-0.7824604
d8edf2e40_26,-0.4638409
d8edf2e40_27,-0.23371617
d8edf2e40_28,-0.9970369
d8edf2e40_29,-0.47377467
d8edf2e40_30,-0.076764256
d8edf2e40_31,0.24476078
d8edf2e40_32,1.3236213
d8edf2e40_33,-0.0064954944
d8edf2e40_34,0.8188256
d8edf2e40_35,0.09997949
d8edf2e40_36,0.53234017
d8edf2e40_37,0.44452944
d8edf2e40_38,1.0670822
d8edf2e40_39,-0.39302
d8edf2e40_40,-0.4361751
d8edf2e40_41,-0.17337607
d8edf2e40_42,0.84059596
d8edf2e40_43,0.13869007
d8edf2e40_44,0.66985667
d8edf2e40_45,-0.56325954
d8edf2e40_46,-0.08235925
d8edf2e40_47,0.093993284
d8edf2e40_48,-0.10289526
d8edf2e40_49,-0.44816908
d8edf2e40_50,-1.0277476
d8edf2e40_51,0.051845696
d8edf2e40_52,-0.74822116
d8edf2e40_53,-1.4164329
d8edf2e40_54,-0.75989246
d8edf2e40_55,-0.0807716
d8edf2e40_56,-0.3385802
d8edf2e40_57,0.82953334
d8edf2e40_58,0.127779
d8edf2e40_59,0.37387234
d8edf2e40_60,-0.2534451
d8edf2e40_61,0.53622985
d8edf2e40_62,0.61324733
d8edf2e40_63,0.46273035
d8edf2e40_64,0.23559746
d8edf2e40_65,-0.274427
d8edf2e40_66,-0.29201946
d8edf2e40_67,-0.44947678
d8edf2e40_68,-0.5511432
d8edf2e40_69,-0.65103203
d8edf2e40_70,0.115664825
d8edf2e40_71,-0.37753868
d8edf2e40_72,0.15328339
d8edf2e40_73,-0.20820953
d8edf2e40_74,-0.4316569
d8edf2e40_75,-0.1785351
d8edf2e40_76,-0.7536377
d8edf2e40_77,0.12228347
d8edf2e40_78,-0.16958275
d8edf2e40_79,0.36257803
d8edf2e40_80,-0.83585805
d8edf2e40_81,-0.3575405
d8edf2e40_82,-0.38700873
d8edf2e40_83,-0.21233527
d8edf2e40_84,0.07403292
d8edf2e40_85,0.109132394
d8edf2e40_86,0.9839276
d8edf2e40_87,-0.21094313
d8edf2e40_88,0.4264555
d8edf2e40_89,0.17527114
d8edf2e40_90,0.055460498
d8edf2e40_91,-1.3757915
d8edf2e40_92,0.3934152
d8edf2e40_93,-0.41076124
d8edf2e40_94,1.3218136
d8edf2e40_95,-0.51075727
d8edf2e40_96,-0.14720011
d8edf2e40_97,-0.53109115
d8edf2e40_98,-0.19300552
d8edf2e40_99,0.64640164
d8edf2e40_100,0.497775
d8edf2e40_101,-0.4606151
d8edf2e40_102,0.16875802
d8edf2e40_103,-0.1961189
d8edf2e40_104,-0.388637
d8edf2e40_105,-0.12398487
d8edf2e40_106,-0.24778117
d8edf2e40_107,-0.7273543
d8edf2e40_108,-0.039735403
d8edf2e40_109,-0.26194343
d8edf2e40_110,0.40529948
d8edf2e40_111,-0.04153328
d8edf2e40_112,0.28219056
d8edf2e40_113,-1.0036197
d8edf2e40_114,0.40613246
d8edf2e40_115,0.008286512
d8edf2e40_116,0.17586994
d8edf2e40_117,-0.43501425
d8edf2e40_118,0.6284621
d8edf2e40_119,0.21779348
d8edf2e40_120,-0.3377875
d8edf2e40_121,-0.021779833
d8edf2e40_122,-0.41444328
d8edf2e40_123,-0.14825732
d8edf2e40_124,-0.8849778
d8edf2e40_125,0.13849628
d8edf2e40_126,0.65490466
d8edf2e40_127,0.27398813
d8edf2e40_128,0.017147003
d8edf2e40_129,1.2936467
d8edf2e40_130,0.9584646
d8edf2e40_131,0.7697722
d8edf2e40_132,-1.2965033
d8edf2e40_133,0.7053032
d8edf2e40_134,0.17372012
d8edf2e40_135,0.24233235
d8edf2e40_136,0.10260362
d8edf2e40_137,-0.9035591
d8edf2e40_138,-1.0123116
d8edf2e40_139,-0.32666886
d8edf2e40_140,0.4028417
d8edf2e40_141,1.4615166
d8edf2e40_142,0.59128815
d8edf2e40_143,-0.43998545
d8edf2e40_144,0.5130007
d8edf2e40_145,-1.1497917
d8edf2e40_146,-0.42713588
d8edf2e40_147,0.096392095
d8edf2e40_148,-0.6440917
d8edf2e40_149,-1.1535071
d8edf2e40_150,0.08134116
d8edf2e40_151,-0.44554478
d8edf2e40_152,0.00028331205
d8edf2e40_153,-0.4355979
d8edf2e40_154,-1.7794063
d8edf2e40_155,-0.35870835
d8edf2e40_156,-0.38970733
d8edf2e40_157,0.6095748
d8edf2e40_158,-0.60529035
d8edf2e40_159,0.8581048
d8edf2e40_160,-0.8610585
d8edf2e40_161,0.115811765
d8edf2e40_162,0.2682867
d8edf2e40_163,-0.49652123
d8edf2e40_164,0.77589595
d8edf2e40_165,0.42818776
d8edf2e40_166,0.32673845
d8edf2e40_167,-0.35514063
d8edf2e40_168,-0.68255186
d8edf2e40_169,0.5236641
d8edf2e40_170,-0.052559063
d8edf2e40_171,-0.25109932
d8edf2e40_172,0.8865944
d8edf2e40_173,0.870126
d8edf2e40_174,0.19732022
d8edf2e40_175,1.1229942
d8edf2e40_176,0.47218698
d8edf2e40_177,-0.2014296
d8edf2e40_178,0.6094975
d8edf2e40_179,-0.09852168
d8edf2e40_180,-0.17368773
d8edf2e40_181,-0.4445702
d8edf2e40_182,-0.08269565
d8edf2e40_183,0.2500082
d8edf2e40_184,0.41725314
d8edf2e40_185,0.7248237
d8edf2e40_186,-0.19572003
d8edf2e40_187,0.36793768
d8edf2e40_188,1.1012416
d8edf2e40_189,1.1565499
d8edf2e40_190,-0.23719198
d8edf2e40_191,-0.42142734
d8edf2e40_192,-0.91304755
d8edf2e40_193,0.58208764
d8edf2e40_194,-0.6478472
d8edf2e40_195,-0.5220865
d8edf2e40_196,0.8593042
d8edf2e40_197,-0.4682414
d8edf2e40_198,0.78697115
d8edf2e40_199,0.079242624
d8edf2e40_200,0.6940212
d8edf2e40_201,0.88155735
d8edf2e40_202,-1.0252249
d8edf2e40_203,0.14510573
d8edf2e40_204,-0.4498514
d8edf2e40_205,-0.15989059
d8edf2e40_206,0.1383366
d8edf2e40_207,0.16382387
d8edf2e40_208,-1.1349485
d8edf2e40_209,0.12605183
d8edf2e40_210,0.94308305
d8edf2e40_211,0.07165087
d8edf2e40_212,-0.61591876
d8edf2e40_213,-0.48826033
d8edf2e40_214,0.28214264
d8edf2e40_215,0.22417767
d8edf2e40_216,0.67012215
d8edf2e40_217,0.46513844
d8edf2e40_218,0.94554806
d8edf2e40_219,0.5016208
d8edf2e40_220,-0.7498195
d8edf2e40_221,-1.272618
d8edf2e40_222,1.4914159
d8edf2e40_223,0.10111083
d8edf2e40_224,0.52817196
d8edf2e40_225,0.23609844
d8edf2e40_226,-0.7003372
d8edf2e40_227,0.15508536
d8edf2e40_228,0.325391
d8edf2e40_229,-0.6412914
d8edf2e40_230,-0.0378792
d8edf2e40_231,-0.22878614
d8edf2e40_232,-0.47464293
d8edf2e40_233,0.55923533
d8edf2e40_234,-0.26094514
d8edf2e40_235,0.02166785
d8edf2e40_236,-0.022073599
d8edf2e40_237,-0.08857573
d8edf2e40_238,0.63747096
d8edf2e40_239,0.32163265
d8edf2e40_240,1.0083607
d8edf2e40_241,0.08652623
d8edf2e40_242,0.2454071
d8edf2e40_243,0.36143667
d8edf2e40_244,0.48769164
d8edf2e40_245,0.3406654
d8edf2e40_246,-0.20667942
d8edf2e40_247,-1.3307135
d8edf2e40_248,-0.56874263
d8edf2e40_249,0.95318675
d8edf2e40_250,0.17915988
d8edf2e40_251,0.93903846
d8edf2e40_252,0.07318934
d8edf2e40_253,-0.13764974
d8edf2e40_254,-0.020812484
d8edf2e40_255,0.021552451
d8edf2e40_256,-0.78485703
d8edf2e40_257,0.018282697
d8edf2e40_258,0.04371536
d8edf2e40_259,0.11673502
d8edf2e40_260,0.025703255
d8edf2e40_261,-0.22947907
d8edf2e40_262,0.6807392
d8edf2e40_263,-0.2826397
d8edf2e40_264,0.24309912
d8edf2e40_265,0.108716965
d8edf2e40_266,0.41734767
d8edf2e40_267,0.76932204
d8edf2e40_268,0.92233425
d8edf2e40_269,-0.2967306
d8edf2e40_270,-0.37966496
d8edf2e40_271,-0.11019397
d8edf2e40_272,0.67591155
d8edf2e40_273,-0.66816854
d8edf2e40_274,-0.5456966
d8edf2e40_275,-0.30582535
d8edf2e40_276,-0.7134551
d8edf2e40_277,-0.28822976
d8edf2e40_278,-0.5378086
d8edf2e40_279,-0.30210733
d8edf2e40_280,0.042513885
d8edf2e40_281,-0.73886883
d8edf2e40_282,0.19665444
d8edf2e40_283,-0.2844353
d8edf2e40_284,0.35251486
d8edf2e40_285,0.118151546
d8edf2e40_286,0.6302125
d8edf2e40_287,1.419554
d8edf2e40_288,-0.83635163
d8edf2e40_289,0.20852572
d8edf2e40_290,0.02069304
d8edf2e40_291,-0.23048031
d8edf2e40_292,0.7710155
d8edf2e40_293,-0.15912984
d8edf2e40_294,0.18007767
d8edf2e40_295,-0.021868136
d8edf2e40_296,-0.30891442
d8edf2e40_297,0.03037487
d8edf2e40_298,-0.20452686
d8edf2e40_299,-0.6998446
d8edf2e40_300,-0.03095646
d8edf2e40_301,-0.8233659
d8edf2e40_302,-0.42140824
d8edf2e40_303,-0.54733276
d8edf2e40_304,-1.0966771
d8edf2e40_305,-0.16392577
d8edf2e40_306,0.91496205
d8edf2e40_307,0.046377905
d8edf2e40_308,1.4724956
d8edf2e40_309,-0.3043257
d8edf2e40_310,0.364492
d8edf2e40_311,-0.51217985
d8edf2e40_312,0.3127088
d8edf2e40_313,1.0226063
d8edf2e40_314,1.1426264
d8edf2e40_315,0.25003755
d8edf2e40_316,-0.33286825
d8edf2e40_317,-1.1828072
d8edf2e40_318,-0.16452156
d8edf2e40_319,-0.071329154
d8edf2e40_320,0.4802798
d8edf2e40_321,-0.14719136
d8edf2e40_322,0.2204869
d8edf2e40_323,0.033727687
d8edf2e40_324,-0.7983596
d8edf2e40_325,0.5308312
d8edf2e40_326,-0.32356772
d8edf2e40_327,-0.926396
d8edf2e40_328,0.49068505
d8edf2e40_329,0.8247251
d8edf2e40_330,-0.78994083
d8edf2e40_331,0.28957066
d8edf2e40_332,0.17156115
d8edf2e40_333,0.40939718
d8edf2e40_334,0.85695654
d8edf2e40_335,-0.5540315
d8edf2e40_336,0.094405666
d8edf2e40_337,-0.41894314
d8edf2e40_338,-0.36456966
d8edf2e40_339,0.30781797
d8edf2e40_340,-1.0205581
d8edf2e40_341,0.23382695
d8edf2e40_342,-0.6327848
d8edf2e40_343,-0.64016545
d8edf2e40_344,0.9167386
d8edf2e40_345,-0.20365232
d8edf2e40_346,-0.8164432
d8edf2e40_347,-0.1249316
d8edf2e40_348,-0.36233306
d8edf2e40_349,0.3333193
d8edf2e40_350,-0.28717276
d8edf2e40_351,0.4417354
d8edf2e40_352,-0.034099184
d8edf2e40_353,-0.35058138
d8edf2e40_354,0.2779746
d8edf2e40_355,-0.4477551
d8edf2e40_356,1.5790963
d8edf2e40_357,-0.0016245609
d8edf2e40_358,-0.025056299
d8edf2e40_359,-1.3671887
d8edf2e40_360,-0.060473856
d8edf2e40_361,0.3957621
d8edf2e40_362,-0.78879076
d8edf2e40_363,1.0038227
d8edf2e40_364,0.39756006
d8edf2e40_365,-0.077584475
d8edf2e40_366,-0.5924063
d8edf2e40_367,-0.36846352
d8edf2e40_368,-0.67825127
d8edf2e40_369,0.74828404
d8edf2e40_370,0.3122846
d8edf2e40_371,-0.33382952
d8edf2e40_372,0.57916546
d8edf2e40_373,0.001984981
d8edf2e40_374,-0.39406317
d8edf2e40_375,-0.88331974
d8edf2e40_376,-0.2176885
d8edf2e40_377,-0.36270913
d8edf2e40_378,0.22856334
d8edf2e40_379,-0.6181617
d8edf2e40_380,-0.6842353
d8edf2e40_381,-0.01188463
d8edf2e40_382,-0.711006
d8edf2e40_383,1.1893312
f27825b2c_0,-0.24248755
f27825b2c_1,0.35455036
f27825b2c_2,0.13195239
f27825b2c_3,0.12889864
f27825b2c_4,-0.5530918
f27825b2c_5,0.22694273
f27825b2c_6,0.37468213
f27825b2c_7,-0.037607487
f27825b2c_8,0.16078696
f27825b2c_9,0.04587175
f27825b2c_10,-0.023427911
f27825b2c_11,0.27249953
f27825b2c_12,-0.0048075826
f27825b2c_13,-0.28137088
f27825b2c_14,0.2761358
f27825b2c_15,0.21143235
f27825b2c_16,0.012012021
f27825b2c_17,0.37371713
f27825b2c_18,0.09107545
f27825b2c_19,0.07571289
f27825b2c_20,-0.37537298
f27825b2c_21,-0.008728162
f27825b2c_22,-0.18672873
f27825b2c_23,0.36522517
f27825b2c_24,-0.5489349
f27825b2c_25,-0.021175742
f27825b2c_26,-0.45736727
f27825b2c_27,0.056981802
f27825b2c_28,-0.5096052
f27825b2c_29,0.23301719
f27825b2c_30,0.2182978
f27825b2c_31,0.56309855
f27825b2c_32,0.12253881
f27825b2c_33,0.04831331
f27825b2c_34,0.050568663
f27825b2c_35,0.120729156
f27825b2c_36,-0.14274667
f27825b2c_37,0.07131804
f27825b2c_38,0.5125228
f27825b2c_39,-0.07289704
f27825b2c_40,-0.43171436
f27825b2c_41,0.59045047
f27825b2c_42,0.28484908
f27825b2c_43,-0.12662542
f27825b2c_44,0.27187616
f27825b2c_45,-0.21304242
f27825b2c_46,0.032560002
f27825b2c_47,0.2510222
f27825b2c_48,0.03597461
f27825b2c_49,-0.19986258
f27825b2c_50,-0.46116808
f27825b2c_51,-0.3125325
f27825b2c_52,-0.6786958
f27825b2c_53,-0.5874748
f27825b2c_54,-0.45693284
f27825b2c_55,-0.23771168
f27825b2c_56,-0.4982374
f27825b2c_57,0.39745817
f27825b2c_58,0.23683271
f27825b2c_59,0.23661438
f27825b2c_60,-0.39755642
f27825b2c_61,0.08360274
f27825b2c_62,1.0368547
f27825b2c_63,0.62728095
f27825b2c_64,-0.2585989
f27825b2c_65,0.21879661
f27825b2c_66,-0.51411676
f27825b2c_67,-0.51075137
f27825b2c_68,-0.44134584
f27825b2c_69,0.18162574
f27825b2c_70,0.055898663
f27825b2c_71,-0.49076968
f27825b2c_72,0.07467689
f27825b2c_73,-0.49003074
f27825b2c_74,-0.24072154
f27825b2c_75,-0.29307067
f27825b2c_76,-0.29875934
f27825b2c_77,0.1313526
f27825b2c_78,-0.31854197
f27825b2c_79,0.31158122
f27825b2c_80,-0.43371868
f27825b2c_81,0.1455066
f27825b2c_82,-0.25500354
f27825b2c_83,-0.070824176
f27825b2c_84,0.18697949
f27825b2c_85,0.16821294
f27825b2c_86,0.4497528
f27825b2c_87,-0.011215744
f27825b2c_88,0.24218315
f27825b2c_89,-0.037883837
f27825b2c_90,0.14701347
f27825b2c_91,-0.3879194
f27825b2c_92,0.33862635
f27825b2c_93,0.04624625
f27825b2c_94,0.3598258
f27825b2c_95,-0.16256559
f27825b2c_96,0.20095485
f27825b2c_97,-0.5872332
f27825b2c_98,-0.1252423
f27825b2c_99,0.12976505
f27825b2c_100,0.13992211
f27825b2c_101,-0.043383766
f27825b2c_102,-0.011201268
f27825b2c_103,-0.50468105
f27825b2c_104,-0.31061897
f27825b2c_105,0.0155342845
f27825b2c_106,-0.37153074
f27825b2c_107,-0.4334137
f27825b2c_108,0.15047386
f27825b2c_109,-0.16417754
f27825b2c_110,-0.09666225
f27825b2c_111,-0.1372501
f27825b2c_112,0.14464295
f27825b2c_113,-0.26784438
f27825b2c_114,-0.21381949
f27825b2c_115,-0.3412981
f27825b2c_116,0.19290705
f27825b2c_117,0.14415747
f27825b2c_118,0.08952572
f27825b2c_119,0.5445272
f27825b2c_120,0.08445825
f27825b2c_121,-0.32886314
f27825b2c_122,-0.59453934
f27825b2c_123,0.09735812
f27825b2c_124,-0.20763521
f27825b2c_125,-0.12424078
f27825b2c_126,0.15975757
f27825b2c_127,0.13102336
f27825b2c_128,-0.039736964
f27825b2c_129,0.55638635
f27825b2c_130,0.6617262
f27825b2c_131,0.41965476
f27825b2c_132,-0.5135976
f27825b2c_133,0.13950177
f27825b2c_134,-0.078914404
f27825b2c_135,0.2963689
f27825b2c_136,0.0058404156
f27825b2c_137,-0.78416824
f27825b2c_138,-0.57750493
f27825b2c_139,-0.27190742
f27825b2c_140,0.19866833
f27825b2c_141,0.51388645
f27825b2c_142,-0.04251031
f27825b2c_143,-0.7321534
f27825b2c_144,0.21713372
f27825b2c_145,-0.6458465
f27825b2c_146,-0.434664
f27825b2c_147,-0.11023312
f27825b2c_148,-0.30279195
f27825b2c_149,0.051326636
f27825b2c_150,-0.20794335
f27825b2c_151,-0.49353507
f27825b2c_152,-0.21488842
f27825b2c_153,-0.039375838
f27825b2c_154,-0.8007232
f27825b2c_155,-0.15505622
f27825b2c_156,-0.014360351
f27825b2c_157,0.030091463
f27825b2c_158,-0.7150084
f27825b2c_159,0.34903494
f27825b2c_160,-0.054033957
f27825b2c_161,0.08707177
f27825b2c_162,0.08950138
f27825b2c_163,-0.7093578
f27825b2c_164,0.16792332
f27825b2c_165,-0.07779175
f27825b2c_166,0.23056164
f27825b2c_167,-0.34502774
f27825b2c_168,-0.038040996
f27825b2c_169,0.19055691
f27825b2c_170,-0.2616888
f27825b2c_171,-0.077955216
f27825b2c_172,0.2061355
f27825b2c_173,0.42297265
f27825b2c_174,0.017315747
f27825b2c_175,0.30741817
f27825b2c_176,0.16869508
f27825b2c_177,-0.087929174
f27825b2c_178,0.32219216
f27825b2c_179,0.17067352
f27825b2c_180,-0.2136248
f27825b2c_181,-0.048867118
f27825b2c_182,0.19268046
f27825b2c_183,0.0032835777
f27825b2c_184,0.08942138
f27825b2c_185,0.7914003
f27825b2c_186,-0.4774792
f27825b2c_187,0.59220254
f27825b2c_188,0.28290212
f27825b2c_189,0.120009415
f27825b2c_190,0.3357866
f27825b2c_191,-0.4538517
f27825b2c_192,-0.5014061
f27825b2c_193,0.22206594
f27825b2c_194,-0.4044111
f27825b2c_195,-0.41922933
f27825b2c_196,0.350479
f27825b2c_197,0.10963788
f27825b2c_198,0.45053697
f27825b2c_199,-0.0984664
f27825b2c_200,0.087756984
f27825b2c_201,0.29693002
f27825b2c_202,-0.5050521
f27825b2c_203,-0.31167817
f27825b2c_204,-0.36229134
f27825b2c_205,-0.09627049
f27825b2c_206,0.5468744
f27825b2c_207,-0.061079625
f27825b2c_208,-0.3842485
f27825b2c_209,0.25089172
f27825b2c_210,0.44591668
f27825b2c_211,-0.009105358
f27825b2c_212,-0.019306349
f27825b2c_213,-0.15852796
f27825b2c_214,0.55526096
f27825b2c_215,0.018009039
f27825b2c_216,0.1704277
f27825b2c_217,0.17179716
f27825b2c_218,-0.4551968
f27825b2c_219,0.087847136
f27825b2c_220,-0.13249825
f27825b2c_221,-0.30443755
f27825b2c_222,0.7153072
f27825b2c_223,0.71530294
f27825b2c_224,-0.3622511
f27825b2c_225,0.026547085
f27825b2c_226,-0.33897832
f27825b2c_227,0.24162452
f27825b2c_228,-0.012439075
f27825b2c_229,-0.14985569
f27825b2c_230,-0.038106855
f27825b2c_231,0.18999337
f27825b2c_232,0.40201312
f27825b2c_233,0.40665764
f27825b2c_234,-0.4002855
f27825b2c_235,-0.071813144
f27825b2c_236,-0.10859562
f27825b2c_237,0.25263116
f27825b2c_238,0.5797813
f27825b2c_239,-0.00029236727
f27825b2c_240,0.56154364
f27825b2c_241,0.4248756
f27825b2c_242,-0.34077483
f27825b2c_243,0.017684875
f27825b2c_244,0.13311385
f27825b2c_245,-0.036712773
f27825b2c_246,-0.3713864
f27825b2c_247,-0.507089
f27825b2c_248,-0.23422301
f27825b2c_249,-0.5089297
f27825b2c_250,0.32588568
f27825b2c_251,0.22906181
f27825b2c_252,0.29793885
f27825b2c_253,0.11913263
f27825b2c_254,0.32239935
f27825b2c_255,-0.3091261
f27825b2c_256,-0.25133348
f27825b2c_257,-0.111298
f27825b2c_258,0.09317212
f27825b2c_259,-0.23487414
f27825b2c_260,0.009315834
f27825b2c_261,0.34580603
f27825b2c_262,0.24991956
f27825b2c_263,-0.0008138729
f27825b2c_264,0.36984137
f27825b2c_265,0.026501603
f27825b2c_266,0.026521532
f27825b2c_267,0.31431243
f27825b2c_268,0.10223767
f27825b2c_269,-0.5857162
f27825b2c_270,0.22118282
f27825b2c_271,0.05423705
f27825b2c_272,0.5994371
f27825b2c_273,-0.17350437
f27825b2c_274,0.27484772
f27825b2c_275,-0.32393008
f27825b2c_276,-0.20292114
f27825b2c_277,-0.038679916
f27825b2c_278,-0.4998973
f27825b2c_279,0.44272876
f27825b2c_280,-0.17226496
f27825b2c_281,-0.3773306
f27825b2c_282,0.3046927
f27825b2c_283,-0.032789875
f27825b2c_284,0.1636308
f27825b2c_285,0.00084293017
f27825b2c_286,0.1965385
f27825b2c_287,0.14758511
f27825b2c_288,-0.08910919
f27825b2c_289,-0.2786705
f27825b2c_290,-0.13080716
f27825b2c_291,-0.032968614
f27825b2c_292,-0.29520866
f27825b2c_293,-0.23000796
f27825b2c_294,0.07063049
f27825b2c_295,0.13172373
f27825b2c_296,-0.002124303
f27825b2c_297,0.35035452
f27825b2c_298,0.13165087
f27825b2c_299,0.059182715
f27825b2c_300,0.03044103
f27825b2c_301,-0.22736101
f27825b2c_302,-0.13034867
f27825b2c_303,-0.3415739
f27825b2c_304,-0.41088858
f27825b2c_305,-0.11544778
f27825b2c_306,0.5263324
f27825b2c_307,-0.11333963
f27825b2c_308,0.48281702
f27825b2c_309,-0.2936283
f27825b2c_310,-0.05256319
f27825b2c_311,-0.5481586
f27825b2c_312,0.33965957
f27825b2c_313,0.39455003
f27825b2c_314,0.20552252
f27825b2c_315,0.1728548
f27825b2c_316,0.23333998
f27825b2c_317,-0.59326833
f27825b2c_318,-0.15431467
f27825b2c_319,0.7376908
f27825b2c_320,0.12030255
f27825b2c_321,-0.073734276
f27825b2c_322,-0.15702893
f27825b2c_323,0.13179655
f27825b2c_324,0.19123198
f27825b2c_325,0.399651
f27825b2c_326,0.093152635
f27825b2c_327,-0.47423986
f27825b2c_328,0.36671296
f27825b2c_329,-0.13757744
f27825b2c_330,-0.33853284
f27825b2c_331,0.072241075
f27825b2c_332,-0.3349938
f27825b2c_333,-0.021500427
f27825b2c_334,0.22735749
f27825b2c_335,0.094670795
f27825b2c_336,-0.15658489
f27825b2c_337,-0.53908765
f27825b2c_338,-0.1818523
f27825b2c_339,0.16116762
f27825b2c_340,-0.57978857
f27825b2c_341,-0.34059247
f27825b2c_342,-0.2540019
f27825b2c_343,0.15280995
f27825b2c_344,0.6112692
f27825b2c_345,-0.15070915
f27825b2c_346,-0.08963925
f27825b2c_347,0.4246838
f27825b2c_348,0.033567544
f27825b2c_349,0.25429574
f27825b2c_350,-0.12245722
f27825b2c_351,0.55953443
f27825b2c_352,-0.21624418
f27825b2c_353,-0.18202518
f27825b2c_354,0.0051341024
f27825b2c_355,0.3437109
f27825b2c_356,0.73130774
f27825b2c_357,0.0473842
f27825b2c_358,0.27170104
f27825b2c_359,-0.0059010517
f27825b2c_360,-0.31145534
f27825b2c_361,-0.25164264
f27825b2c_362,-0.16564575
f27825b2c_363,0.36253715
f27825b2c_364,-0.38147756
f27825b2c_365,-0.034736145
f27825b2c_366,-0.0017778199
f27825b2c_367,-0.41671008
f27825b2c_368,-0.5323657
f27825b2c_369,0.3138753
f27825b2c_370,-0.2800447
f27825b2c_371,-0.12150298
f27825b2c_372,0.09072269
f27825b2c_373,-0.21202011
f27825b2c_374,0.021758517
f27825b2c_375,-0.33467066
f27825b2c_376,-0.08639247
f27825b2c_377,0.04908591
f27825b2c_378,-0.025652248
f27825b2c_379,-0.51689583
f27825b2c_380,0.010760111
f27825b2c_381,-0.18346234
f27825b2c_382,-0.39079732
f27825b2c_383,0.5699544
c98f79f71_0,-0.2722987
c98f79f71_1,0.47400194
c98f79f71_2,0.3149952
c98f79f71_3,0.13929331
c98f79f71_4,-0.38504985
c98f79f71_5,0.14147228
c98f79f71_6,0.2682318
c98f79f71_7,-0.21557653
c98f79f71_8,0.2369092
c98f79f71_9,0.09041135
c98f79f71_10,-0.47079098
c98f79f71_11,0.39198655
c98f79f71_12,-0.038421508
c98f79f71_13,-0.2503949
c98f79f71_14,0.19151211
c98f79f71_15,0.44397053
c98f79f71_16,0.17262831
c98f79f71_17,0.45527825
c98f79f71_18,0.29002574
c98f79f71_19,-0.091982305
c98f79f71_20,-0.5144266
c98f79f71_21,-0.14065523
c98f79f71_22,-0.047621943
c98f79f71_23,0.027081575
c98f79f71_24,-0.37216324
c98f79f71_25,0.14355853
c98f79f71_26,-0.4305091
c98f79f71_27,0.011425714
c98f79f71_28,-0.3081593
c98f79f71_29,0.007655722
c98f79f71_30,0.25219232
c98f79f71_31,0.47457576
c98f79f71_32,0.25291747
c98f79f71_33,0.037567593
c98f79f71_34,0.01455862
c98f79f71_35,-0.050739266
c98f79f71_36,-0.45179078
c98f79f71_37,0.09903666
c98f79f71_38,0.36427224
c98f79f71_39,-0.025310524
c98f79f71_40,-0.48274115
c98f79f71_41,0.3224668
c98f79f71_42,0.17606424
c98f79f71_43,-0.25274265
c98f79f71_44,0.2169778
c98f79f71_45,-0.580204
c98f79f71_46,0.019459197
c98f79f71_47,0.119420074
c98f79f71_48,0.15054515
c98f79f71_49,-0.21780382
c98f79f71_50,-0.49272174
c98f79f71_51,-0.28879043
c98f79f71_52,-0.24866451
c98f79f71_53,0.0020902979
c98f79f71_54,-0.49322918
c98f79f71_55,-0.036940597
c98f79f71_56,-0.4565484
c98f79f71_57,0.25388688
c98f79f71_58,0.18807553
c98f79f71_59,0.25175837
c98f79f71_60,-0.27762386
c98f79f71_61,0.14839195
c98f79f71_62,0.5927463
c98f79f71_63,0.5369375
c98f79f71_64,-0.28692806
c98f79f71_65,0.12223429
c98f79f71_66,-0.4162541
c98f79f71_67,-0.6865403
c98f79f71_68,-0.61538094
c98f79f71_69,0.02616729
c98f79f71_70,0.3305383
c98f79f71_71,-0.3459407
c98f79f71_72,-0.17986463
c98f79f71_73,-0.5502428
c98f79f71_74,-0.15375143
c98f79f71_75,-0.09791909
c98f79f71_76,-0.2351952
c98f79f71_77,-0.0444426
c98f79f71_78,-0.31542566
c98f79f71_79,0.31077406
c98f79f71_80,-0.3130975
c98f79f71_81,0.055514406
c98f79f71_82,-0.11683676
c98f79f71_83,-0.14149182
c98f79f71_84,0.025548454
c98f79f71_85,0.13703579
c98f79f71_86,0.3513208
c98f79f71_87,-0.19221398
c98f79f71_88,0.23361719
c98f79f71_89,0.07805213
c98f79f71_90,0.27648124
c98f79f71_91,-0.27595067
c98f79f71_92,0.3097241
c98f79f71_93,0.08742431
c98f79f71_94,0.8827582
c98f79f71_95,-0.09166903
c98f79f71_96,0.27277988
c98f79f71_97,-0.3002877
c98f79f71_98,0.056689754
c98f79f71_99,-0.21316236
c98f79f71_100,0.079844
c98f79f71_101,-0.004174079
c98f79f71_102,-0.023045558
c98f79f71_103,-0.25669637
c98f79f71_104,-0.045206554
c98f79f71_105,-0.13056605
c98f79f71_106,-0.3099977
c98f79f71_107,-0.37907907
c98f79f71_108,0.1492752
c98f79f71_109,-0.01618564
c98f79f71_110,-0.2025024
c98f79f71_111,-0.15971445
c98f79f71_112,0.06521187
c98f79f71_113,-0.29760638
c98f79f71_114,-0.12942927
c98f79f71_115,-0.35723922
c98f79f71_116,0.0975086
c98f79f71_117,0.025350435
c98f79f71_118,-0.13904664
c98f79f71_119,0.4061564
c98f79f71_120,-0.05350473
c98f79f71_121,-0.1722248
c98f79f71_122,-0.51480764
c98f79f71_123,-0.0075381543
c98f79f71_124,-0.12443896
c98f79f71_125,-0.058738288
c98f79f71_126,0.27115998
c98f79f71_127,0.18789616
c98f79f71_128,0.036896285
c98f79f71_129,0.66526324
c98f79f71_130,0.5583247
c98f79f71_131,0.3683533
c98f79f71_132,-0.3132016
c98f79f71_133,-0.1876564
c98f79f71_134,-0.10559942
c98f79f71_135,0.23833936
c98f79f71_136,0.20244579
c98f79f71_137,-0.6573204
c98f79f71_138,-0.45918134
c98f79f71_139,-0.5630122
c98f79f71_140,0.19141866
c98f79f71_141,0.24126892
c98f79f71_142,-0.15044601
c98f79f71_143,-0.6881795
c98f79f71_144,0.11801089
c98f79f71_145,-0.7652915
c98f79f71_146,-0.23003897
c98f79f71_147,0.2007816
c98f79f71_148,-0.13191386
c98f79f71_149,-0.06781556
c98f79f71_150,-0.08398176
c98f79f71_151,-0.45974794
c98f79f71_152,-0.21576925
c98f79f71_153,0.32997066
c98f79f71_154,-0.57162106
c98f79f71_155,0.05840954
c98f79f71_156,-0.024646338
c98f79f71_157,0.14318827
c98f79f71_158,-0.37679115
c98f79f71_159,0.25056678
c98f79f71_160,-0.11253449
c98f79f71_161,0.019756002
c98f79f71_162,0.11325785
c98f79f71_163,-0.48634985
c98f79f71_164,0.17878883
c98f79f71_165,-0.2757749
c98f79f71_166,0.5772753
c98f79f71_167,-0.1597661
c98f79f71_168,-0.050687924
c98f79f71_169,0.087273754
c98f79f71_170,-0.47612768
c98f79f71_171,-0.030751415
c98f79f71_172,0.40835005
c98f79f71_173,0.3748996
c98f79f71_174,-0.18835194
c98f79f71_175,0.35964152
c98f79f71_176,-0.058822364
c98f79f71_177,-0.0186115
c98f79f71_178,0.3115339
c98f79f71_179,0.040753458
c98f79f71_180,-0.26714268
c98f79f71_181,-0.16249457
c98f79f71_182,-0.11869698
c98f79f71_183,0.06297265
c98f79f71_184,0.13893983
c98f79f71_185,0.6217488
c98f79f71_186,-0.48303697
c98f79f71_187,0.3066469
c98f79f71_188,0.3126119
c98f79f71_189,0.26002648
c98f79f71_190,-0.015382943
c98f79f71_191,-0.4103406
c98f79f71_192,-0.36197352
c98f79f71_193,0.24744315
c98f79f71_194,-0.33292243
c98f79f71_195,-0.2050915
c98f79f71_196,0.19819215
c98f79f71_197,-0.07868181
c98f79f71_198,0.22516024
c98f79f71_199,-0.40302745
c98f79f71_200,0.49417037
c98f79f71_201,0.051596865
c98f79f71_202,-0.43792877
c98f79f71_203,0.04065757
c98f79f71_204,-0.15297313
c98f79f71_205,0.046685528
c98f79f71_206,0.28593683
c98f79f71_207,0.18767534
c98f79f71_208,-0.69138634
c98f79f71_209,-0.1643319
c98f79f71_210,0.6073686
c98f79f71_211,-0.11910122
c98f79f71_212,-0.103195645
c98f79f71_213,-0.2052683
c98f79f71_214,0.3757483
c98f79f71_215,0.165434
c98f79f71_216,0.17633373
c98f79f71_217,-0.099067
c98f79f71_218,-0.61568874
c98f79f71_219,0.20658371
c98f79f71_220,0.104639225
c98f79f71_221,-0.15177086
c98f79f71_222,0.5813472
c98f79f71_223,0.46740872
c98f79f71_224,-0.2786248
c98f79f71_225,-0.12093929
c98f79f71_226,-0.34468803
c98f79f71_227,0.24203545
c98f79f71_228,0.037044544
c98f79f71_229,-0.21224368
c98f79f71_230,-0.16142774
c98f79f71_231,0.30390894
c98f79f71_232,0.50610584
c98f79f71_233,0.38856772
c98f79f71_234,-0.6028389
c98f79f71_235,-0.2008184
c98f79f71_236,-0.22196026
c98f79f71_237,0.21507174
c98f79f71_238,0.1816822
c98f79f71_239,0.05510993
c98f79f71_240,0.71585286
c98f79f71_241,0.51126415
c98f79f71_242,-0.45915008
c98f79f71_243,0.08331102
c98f79f71_244,-0.1413102
c98f79f71_245,-0.102536246
c98f79f71_246,-0.042706445
c98f79f71_247,-0.23341624
c98f79f71_248,-0.24042602
c98f79f71_249,-0.018146422
c98f79f71_250,0.38006723
c98f79f71_251,0.16509074
c98f79f71_252,0.55998033
c98f79f71_253,0.04239391
c98f79f71_254,0.30963248
c98f79f71_255,-0.26182783
c98f79f71_256,-0.45112017
c98f79f71_257,0.0019974825
c98f79f71_258,0.25892365
c98f79f71_259,-0.06359028
c98f79f71_260,0.08114677
c98f79f71_261,0.24508445
c98f79f71_262,0.14202715
c98f79f71_263,0.14209683
c98f79f71_264,0.24520777
c98f79f71_265,-0.023911268
c98f79f71_266,-0.24764544
c98f79f71_267,0.40528926
c98f79f71_268,0.28478923
c98f79f71_269,-0.3290346
c98f79f71_270,0.25345895
c98f79f71_271,-0.022187252
c98f79f71_272,0.61762697
c98f79f71_273,0.012742893
c98f79f71_274,0.099250376
c98f79f71_275,-0.31626567
c98f79f71_276,0.0034727224
c98f79f71_277,0.09711237
c98f79f71_278,-0.2604617
c98f79f71_279,0.06567869
c98f79f71_280,0.1831474
c98f79f71_281,-0.4320336
c98f79f71_282,0.5137683
c98f79f71_283,-0.25843534
c98f79f71_284,-0.0649352
c98f79f71_285,0.42420697
c98f79f71_286,0.14942576
c98f79f71_287,0.28602552
c98f79f71_288,-0.18009812
c98f79f71_289,-0.29009235
c98f79f71_290,-0.3513373
c98f79f71_291,-0.08585489
c98f79f71_292,0.038401198
c98f79f71_293,0.0013041392
c98f79f71_294,-0.034605153
c98f79f71_295,0.040566765
c98f79f71_296,0.11133026
c98f79f71_297,0.5636758
c98f79f71_298,0.13082327
c98f79f71_299,0.15689328
c98f79f71_300,0.44007266
c98f79f71_301,-0.17814338
c98f79f71_302,0.14165801
c98f79f71_303,-0.4503169
c98f79f71_304,-0.5823407
c98f79f71_305,-0.14496934
c98f79f71_306,0.6399259
c98f79f71_307,-0.28212678
c98f79f71_308,0.38780496
c98f79f71_309,-0.18760504
c98f79f71_310,0.021336582
c98f79f71_311,-0.67578983
c98f79f71_312,0.1026519
c98f79f71_313,-0.09442312
c98f79f71_314,-0.035378713
c98f79f71_315,0.21141553
c98f79f71_316,0.27558488
c98f79f71_317,-0.38813904
c98f79f71_318,0.098998666
c98f79f71_319,0.30177552
c98f79f71_320,0.11856165
c98f79f71_321,-0.07336476
c98f79f71_322,-0.0518789
c98f79f71_323,0.12945724
c98f79f71_324,0.16509628
c98f79f71_325,0.36150083
c98f79f71_326,-0.046392657
c98f79f71_327,-0.28946283
c98f79f71_328,0.21907221
c98f79f71_329,-0.13126498
c98f79f71_330,0.03273288
c98f79f71_331,0.08432401
c98f79f71_332,-0.034917478
c98f79f71_333,-0.12858507
c98f79f71_334,0.15329088
c98f79f71_335,0.22787952
c98f79f71_336,-0.45800546
c98f79f71_337,-0.62018335
c98f79f71_338,-0.2127345
c98f79f71_339,0.16635196
c98f79f71_340,-0.46581677
c98f79f71_341,-0.1607284
c98f79f71_342,-0.19522052
c98f79f71_343,-0.29507416
c98f79f71_344,0.401907
c98f79f71_345,0.031924263
c98f79f71_346,-0.14938225
c98f79f71_347,0.3490967
c98f79f71_348,-0.17578244
c98f79f71_349,0.043208513
c98f79f71_350,-0.12526841
c98f79f71_351,0.78569764
c98f79f71_352,-0.17153414
c98f79f71_353,0.020727271
c98f79f71_354,0.09867113
c98f79f71_355,0.16728409
c98f79f71_356,0.76270705
c98f79f71_357,-0.16915599
c98f79f71_358,0.05110593
c98f79f71_359,0.17683308
c98f79f71_360,-0.047076143
c98f79f71_361,0.085199125
c98f79f71_362,-0.14810626
c98f79f71_363,0.27996033
c98f79f71_364,0.040100254
c98f79f71_365,-0.07148512
c98f79f71_366,0.09544999
c98f79f71_367,-0.21216641
c98f79f71_368,-0.5010722
c98f79f71_369,0.0536162
c98f79f71_370,-0.27888417
c98f79f71_371,-0.14493428
c98f79f71_372,0.444359
c98f79f71_373,-0.045319006
c98f79f71_374,0.13018075
c98f79f71_375,-0.2871514
c98f79f71_376,-0.09916307
c98f79f71_377,0.09629912
c98f79f71_378,0.27439764
c98f79f71_379,-0.44258586
c98f79f71_380,-0.1166641
c98f79f71_381,-0.18396418
c98f79f71_382,-0.48091224
c98f79f71_383,0.15509866
a4e1c55a9_0,-0.28283197
a4e1c55a9_1,0.4832219
a4e1c55a9_2,0.32888848
a4e1c55a9_3,0.121116124
a4e1c55a9_4,-0.4127553
a4e1c55a9_5,0.13224341
a4e1c55a9_6,0.28597152
a4e1c55a9_7,-0.20558867
a4e1c55a9_8,0.2629503
a4e1c55a9_9,0.08294698
a4e1c55a9_10,-0.4906898
a4e1c55a9_11,0.39177883
a4e1c55a9_12,-0.06776024
a4e1c55a9_13,-0.25478387
a4e1c55a9_14,0.20766614
a4e1c55a9_15,0.49018466
a4e1c55a9_16,0.1796128
a4e1c55a9_17,0.4565906
a4e1c55a9_18,0.30269593
a4e1c55a9_19,-0.10816918
a4e1c55a9_20,-0.48571384
a4e1c55a9_21,-0.11786664
a4e1c55a9_22,-0.07234869
a4e1c55a9_23,0.04082264
a4e1c55a9_24,-0.377573
a4e1c55a9_25,0.14656559
a4e1c55a9_26,-0.41816926
a4e1c55a9_27,0.0063906834
a4e1c55a9_28,-0.25371277
a4e1c55a9_29,0.027440201
a4e1c55a9_30,0.24082784
a4e1c55a9_31,0.47684416
a4e1c55a9_32,0.26546264
a4e1c55a9_33,0.02798679
a4e1c55a9_34,0.05712313
a4e1c55a9_35,-0.07527825
a4e1c55a9_36,-0.45272577
a4e1c55a9_37,0.10317759
a4e1c55a9_38,0.33202717
a4e1c55a9_39,-0.031845223
a4e1c55a9_40,-0.50346524
a4e1c55a9_41,0.3119672
a4e1c55a9_42,0.20901524
a4e1c55a9_43,-0.23147914
a4e1c55a9_44,0.22650635
a4e1c55a9_45,-0.589158
a4e1c55a9_46,0.022319177
a4e1c55a9_47,0.12382568
a4e1c55a9_48,0.15559663
a4e1c55a9_49,-0.19608796
a4e1c55a9_50,-0.47058347
a4e1c55a9_51,-0.24586383
a4e1c55a9_52,-0.25816497
a4e1c55a9_53,-0.0113943145
a4e1c55a9_54,-0.48539203
a4e1c55a9_55,-0.0995078
a4e1c55a9_56,-0.4701033
a4e1c55a9_57,0.2642122
a4e1c55a9_58,0.16712917
a4e1c55a9_59,0.23398744
a4e1c55a9_60,-0.32619077
a4e1c55a9_61,0.15613492
a4e1c55a9_62,0.54750955
a4e1c55a9_63,0.51890326
a4e1c55a9_64,-0.22069581
a4e1c55a9_65,0.11471284
a4e1c55a9_66,-0.4338093
a4e1c55a9_67,-0.71931916
a4e1c55a9_68,-0.6305531
a4e1c55a9_69,-0.009618714
a4e1c55a9_70,0.37465677
a4e1c55a9_71,-0.38668764
a4e1c55a9_72,-0.117229395
a4e1c55a9_73,-0.58462656
a4e1c55a9_74,-0.13170771
a4e1c55a9_75,-0.08628321
a4e1c55a9_76,-0.24789084
a4e1c55a9_77,-0.04973535
a4e1c55a9_78,-0.26262295
a4e1c55a9_79,0.2976323
a4e1c55a9_80,-0.30843297
a4e1c55a9_81,0.04950359
a4e1c55a9_82,-0.0946158
a4e1c55a9_83,-0.14633337
a4e1c55a9_84,0.057904776
a4e1c55a9_85,0.14173873
a4e1c55a9_86,0.38387805
a4e1c55a9_87,-0.20553607
a4e1c55a9_88,0.23623617
a4e1c55a9_89,0.0869942
a4e1c55a9_90,0.29267043
a4e1c55a9_91,-0.33290404
a4e1c55a9_92,0.28386614
a4e1c55a9_93,0.11769547
a4e1c55a9_94,0.89715374
a4e1c55a9_95,-0.071143806
a4e1c55a9_96,0.24042925
a4e1c55a9_97,-0.32911667
a4e1c55a9_98,0.07795887
a4e1c55a9_99,-0.21266279
a4e1c55a9_100,0.103300296
a4e1c55a9_101,-0.007890053
a4e1c55a9_102,-0.06423034
a4e1c55a9_103,-0.22459775
a4e1c55a9_104,-0.07094227
a4e1c55a9_105,-0.098379605
a4e1c55a9_106,-0.36243907
a4e1c55a9_107,-0.3906669
a4e1c55a9_108,0.11826384
a4e1c55a9_109,-0.020435585
a4e1c55a9_110,-0.24111854
a4e1c55a9_111,-0.1502033
a4e1c55a9_112,0.10735728
a4e1c55a9_113,-0.32966614
a4e1c55a9_114,-0.13699992
a4e1c55a9_115,-0.34634203
a4e1c55a9_116,0.1288462
a4e1c55a9_117,-0.0018878207
a4e1c55a9_118,-0.16548124
a4e1c55a9_119,0.36787814
a4e1c55a9_120,-0.051990006
a4e1c55a9_121,-0.15521157
a4e1c55a9_122,-0.5022703
a4e1c55a9_123,-0.055237256
a4e1c55a9_124,-0.121469945
a4e1c55a9_125,-0.07633112
a4e1c55a9_126,0.2812853
a4e1c55a9_127,0.2290099
a4e1c55a9_128,0.11744615
a4e1c55a9_129,0.70206237
a4e1c55a9_130,0.55768216
a4e1c55a9_131,0.3083501
a4e1c55a9_132,-0.32412958
a4e1c55a9_133,-0.20271434
a4e1c55a9_134,-0.08300839
a4e1c55a9_135,0.2178906
a4e1c55a9_136,0.23011659
a4e1c55a9_137,-0.63737416
a4e1c55a9_138,-0.4981291
a4e1c55a9_139,-0.53045636
a4e1c55a9_140,0.18807505
a4e1c55a9_141,0.27314273
a4e1c55a9_142,-0.105924055
a4e1c55a9_143,-0.68686575
a4e1c55a9_144,0.13665816
a4e1c55a9_145,-0.77596146
a4e1c55a9_146,-0.21647827
a4e1c55a9_147,0.24871542
a4e1c55a9_148,-0.12300363
a4e1c55a9_149,-0.103053786
a4e1c55a9_150,-0.06916679
a4e1c55a9_151,-0.4778471
a4e1c55a9_152,-0.24739659
a4e1c55a9_153,0.25752595
a4e1c55a9_154,-0.6204311
a4e1c55a9_155,0.08304339
a4e1c55a9_156,-0.039545003
a4e1c55a9_157,0.15954815
a4e1c55a9_158,-0.3783244
a4e1c55a9_159,0.28898653
a4e1c55a9_160,-0.1596121
a4e1c55a9_161,-0.046947096
a4e1c55a9_162,0.12036258
a4e1c55a9_163,-0.47210327
a4e1c55a9_164,0.16009887
a4e1c55a9_165,-0.25708967
a4e1c55a9_166,0.55400425
a4e1c55a9_167,-0.16093737
a4e1c55a9_168,-0.07177815
a4e1c55a9_169,0.10648106
a4e1c55a9_170,-0.42234814
a4e1c55a9_171,-0.022263959
a4e1c55a9_172,0.45191276
a4e1c55a9_173,0.37409914
a4e1c55a9_174,-0.14950243
a4e1c55a9_175,0.4004655
a4e1c55a9_176,-0.07416113
a4e1c55a9_177,-0.0009657964
a4e1c55a9_178,0.26129597
a4e1c55a9_179,0.04548791
a4e1c55a9_180,-0.30588567
a4e1c55a9_181,-0.19270092
a4e1c55a9_182,-0.08226888
a4e1c55a9_183,0.046006925
a4e1c55a9_184,0.13907902
a4e1c55a9_185,0.6170534
a4e1c55a9_186,-0.4354864
a4e1c55a9_187,0.29261175
a4e1c55a9_188,0.41939303
a4e1c55a9_189,0.29891524
a4e1c55a9_190,-0.024388798
a4e1c55a9_191,-0.4236586
a4e1c55a9_192,-0.34269947
a4e1c55a9_193,0.27920207
a4e1c55a9_194,-0.3436382
a4e1c55a9_195,-0.23546164
a4e1c55a9_196,0.18962854
a4e1c55a9_197,-0.14563638
a4e1c55a9_198,0.29548568
a4e1c55a9_199,-0.3611953
a4e1c55a9_200,0.56108683
a4e1c55a9_201,0.075917944
a4e1c55a9_202,-0.45374882
a4e1c55a9_203,0.08823942
a4e1c55a9_204,-0.14008065
a4e1c55a9_205,0.112500414
a4e1c55a9_206,0.2658546
a4e1c55a9_207,0.16329813
a4e1c55a9_208,-0.7441092
a4e1c55a9_209,-0.16836663
a4e1c55a9_210,0.62319934
a4e1c55a9_211,-0.08045672
a4e1c55a9_212,-0.11247384
a4e1c55a9_213,-0.23601553
a4e1c55a9_214,0.31529236
a4e1c55a9_215,0.17060715
a4e1c55a9_216,0.20595078
a4e1c55a9_217,-0.121807754
a4e1c55a9_218,-0.5998212
a4e1c55a9_219,0.16612107
a4e1c55a9_220,0.09606688
a4e1c55a9_221,-0.19083485
a4e1c55a9_222,0.5324852
a4e1c55a9_223,0.42510933
a4e1c55a9_224,-0.26886445
a4e1c55a9_225,-0.07573241
a4e1c55a9_226,-0.3913833
a4e1c55a9_227,0.25468364
a4e1c55a9_228,0.02232527
a4e1c55a9_229,-0.24777915
a4e1c55a9_230,-0.14625718
a4e1c55a9_231,0.23469608
a4e1c55a9_232,0.5385975
a4e1c55a9_233,0.4313056
a4e1c55a9_234,-0.5836772
a4e1c55a9_235,-0.1837141
a4e1c55a9_236,-0.25484115
a4e1c55a9_237,0.15984547
a4e1c55a9_238,0.1368067
a4e1c55a9_239,0.018047532
a4e1c55a9_240,0.7364719
a4e1c55a9_241,0.5420213
a4e1c55a9_242,-0.4465139
a4e1c55a9_243,0.06296882
a4e1c55a9_244,-0.16720282
a4e1c55a9_245,-0.045111634
a4e1c55a9_246,-0.013471052
a4e1c55a9_247,-0.27780548
a4e1c55a9_248,-0.19550845
a4e1c55a9_249,0.021015093
a4e1c55a9_250,0.35643327
a4e1c55a9_251,0.1715276
a4e1c55a9_252,0.541468
a4e1c55a9_253,0.036190636
a4e1c55a9_254,0.36548322
a4e1c55a9_255,-0.22813778
a4e1c55a9_256,-0.472887
a4e1c55a9_257,0.00022086687
a4e1c55a9_258,0.31896383
a4e1c55a9_259,-0.07487006
a4e1c55a9_260,0.13233447
a4e1c55a9_261,0.24107042
a4e1c55a9_262,0.15194795
a4e1c55a9_263,0.1725384
a4e1c55a9_264,0.25286353
a4e1c55a9_265,-0.007418789
a4e1c55a9_266,-0.21648178
a4e1c55a9_267,0.4699784
a4e1c55a9_268,0.3018879
a4e1c55a9_269,-0.29098234
a4e1c55a9_270,0.2215087
a4e1c55a9_271,0.022196569
a4e1c55a9_272,0.59284115
a4e1c55a9_273,-0.010998068
a4e1c55a9_274,0.08273136
a4e1c55a9_275,-0.31772912
a4e1c55a9_276,-0.04251665
a4e1c55a9_277,0.10802145
a4e1c55a9_278,-0.33479482
a4e1c55a9_279,0.06274694
a4e1c55a9_280,0.13054058
a4e1c55a9_281,-0.44926527
a4e1c55a9_282,0.54444444
a4e1c55a9_283,-0.2529709
a4e1c55a9_284,-0.03984767
a4e1c55a9_285,0.4426982
a4e1c55a9_286,0.18791279
a4e1c55a9_287,0.33437705
a4e1c55a9_288,-0.1745697
a4e1c55a9_289,-0.27838978
a4e1c55a9_290,-0.32498962
a4e1c55a9_291,-0.111460805
a4e1c55a9_292,0.06435923
a4e1c55a9_293,-0.010790291
a4e1c55a9_294,-0.0028741155
a4e1c55a9_295,0.0052226745
a4e1c55a9_296,0.1494892
a4e1c55a9_297,0.5329337
a4e1c55a9_298,0.14467964
a4e1c55a9_299,0.1996252
a4e1c55a9_300,0.45636743
a4e1c55a9_301,-0.21388337
a4e1c55a9_302,0.14017808
a4e1c55a9_303,-0.43710175
a4e1c55a9_304,-0.6212611
a4e1c55a9_305,-0.12379098
a4e1c55a9_306,0.66888034
a4e1c55a9_307,-0.27117905
a4e1c55a9_308,0.40113348
a4e1c55a9_309,-0.19241326
a4e1c55a9_310,0.019059448
a4e1c55a9_311,-0.66547227
a4e1c55a9_312,0.099779285
a4e1c55a9_313,-0.07069658
a4e1c55a9_314,-0.034722794
a4e1c55a9_315,0.24114737
a4e1c55a9_316,0.30366722
a4e1c55a9_317,-0.43460032
a4e1c55a9_318,0.1090339
a4e1c55a9_319,0.2252
a4e1c55a9_320,0.11139795
a4e1c55a9_321,-0.108556256
a4e1c55a9_322,-0.041760035
a4e1c55a9_323,0.109439075
a4e1c55a9_324,0.119940236
a4e1c55a9_325,0.35340065
a4e1c55a9_326,-0.037752986
a4e1c55a9_327,-0.26535124
a4e1c55a9_328,0.2732799
a4e1c55a9_329,-0.100643516
a4e1c55a9_330,0.019999083
a4e1c55a9_331,0.10864579
a4e1c55a9_332,-0.05804827
a4e1c55a9_333,-0.06693829
a4e1c55a9_334,0.1371247
a4e1c55a9_335,0.15879494
a4e1c55a9_336,-0.43453062
a4e1c55a9_337,-0.6284931
a4e1c55a9_338,-0.23821649
a4e1c55a9_339,0.17702438
a4e1c55a9_340,-0.47905484
a4e1c55a9_341,-0.119701244
a4e1c55a9_342,-0.17682679
a4e1c55a9_343,-0.33084697
a4e1c55a9_344,0.38204604
a4e1c55a9_345,0.023754723
a4e1c55a9_346,-0.2022165
a4e1c55a9_347,0.2979191
a4e1c55a9_348,-0.17841116
a4e1c55a9_349,0.070424214
a4e1c55a9_350,-0.1039925
a4e1c55a9_351,0.7548704
a4e1c55a9_352,-0.10967396
a4e1c55a9_353,0.02337276
a4e1c55a9_354,0.048590418
a4e1c55a9_355,0.1469535
a4e1c55a9_356,0.75362504
a4e1c55a9_357,-0.15889347
a4e1c55a9_358,-0.0075033307
a4e1c55a9_359,0.24804188
a4e1c55a9_360,-0.013988439
a4e1c55a9_361,0.12655878
a4e1c55a9_362,-0.16779938
a4e1c55a9_363,0.29990998
a4e1c55a9_364,0.09747402
a4e1c55a9_365,-0.082263455
a4e1c55a9_366,0.0028482378
a4e1c55a9_367,-0.25068623
a4e1c55a9_368,-0.4745116
a4e1c55a9_369,0.05128116
a4e1c55a9_370,-0.23769447
a4e1c55a9_371,-0.11503519
a4e1c55a9_372,0.41393647
a4e1c55a9_373,-0.09216875
a4e1c55a9_374,0.14513381
a4e1c55a9_375,-0.3141513
a4e1c55a9_376,-0.11149731
a4e1c55a9_377,0.09500673
a4e1c55a9_378,0.28178662
a4e1c55a9_379,-0.43585697
a4e1c55a9_380,-0.18764311
a4e1c55a9_381,-0.16983399
a4e1c55a9_382,-0.49567294
a4e1c55a9_383,0.17598702
227ef0887_0,-0.28283197
227ef0887_1,0.4832219
227ef0887_2,0.32888848
227ef0887_3,0.121116124
227ef0887_4,-0.4127553
227ef0887_5,0.13224341
227ef0887_6,0.28597152
227ef0887_7,-0.20558867
227ef0887_8,0.2629503
227ef0887_9,0.08294698
227ef0887_10,-0.4906898
227ef0887_11,0.39177883
227ef0887_12,-0.06776024
227ef0887_13,-0.25478387
227ef0887_14,0.20766614
227ef0887_15,0.49018466
227ef0887_16,0.1796128
227ef0887_17,0.4565906
227ef0887_18,0.30269593
227ef0887_19,-0.10816918
227ef0887_20,-0.48571384
227ef0887_21,-0.11786664
227ef0887_22,-0.07234869
227ef0887_23,0.04082264
227ef0887_24,-0.377573
227ef0887_25,0.14656559
227ef0887_26,-0.41816926
227ef0887_27,0.0063906834
227ef0887_28,-0.25371277
227ef0887_29,0.027440201
227ef0887_30,0.24082784
227ef0887_31,0.47684416
227ef0887_32,0.26546264
227ef0887_33,0.02798679
227ef0887_34,0.05712313
227ef0887_35,-0.07527825
227ef0887_36,-0.45272577
227ef0887_37,0.10317759
227ef0887_38,0.33202717
227ef0887_39,-0.031845223
227ef0887_40,-0.50346524
227ef0887_41,0.3119672
227ef0887_42,0.20901524
227ef0887_43,-0.23147914
227ef0887_44,0.22650635
227ef0887_45,-0.589158
227ef0887_46,0.022319177
227ef0887_47,0.12382568
227ef0887_48,0.15559663
227ef0887_49,-0.19608796
227ef0887_50,-0.47058347
227ef0887_51,-0.24586383
227ef0887_52,-0.25816497
227ef0887_53,-0.0113943145
227ef0887_54,-0.48539203
227ef0887_55,-0.0995078
227ef0887_56,-0.4701033
227ef0887_57,0.2642122
227ef0887_58,0.16712917
227ef0887_59,0.23398744
227ef0887_60,-0.32619077
227ef0887_61,0.15613492
227ef0887_62,0.54750955
227ef0887_63,0.51890326
227ef0887_64,-0.22069581
227ef0887_65,0.11471284
227ef0887_66,-0.4338093
227ef0887_67,-0.71931916
227ef0887_68,-0.6305531
227ef0887_69,-0.009618714
227ef0887_70,0.37465677
227ef0887_71,-0.38668764
227ef0887_72,-0.117229395
227ef0887_73,-0.58462656
227ef0887_74,-0.13170771
227ef0887_75,-0.08628321
227ef0887_76,-0.24789084
227ef0887_77,-0.04973535
227ef0887_78,-0.26262295
227ef0887_79,0.2976323
227ef0887_80,-0.30843297
227ef0887_81,0.04950359
227ef0887_82,-0.0946158
227ef0887_83,-0.14633337
227ef0887_84,0.057904776
227ef0887_85,0.14173873
227ef0887_86,0.38387805
227ef0887_87,-0.20553607
227ef0887_88,0.23623617
227ef0887_89,0.0869942
227ef0887_90,0.29267043
227ef0887_91,-0.33290404
227ef0887_92,0.28386614
227ef0887_93,0.11769547
227ef0887_94,0.89715374
227ef0887_95,-0.071143806
227ef0887_96,0.24042925
227ef0887_97,-0.32911667
227ef0887_98,0.07795887
227ef0887_99,-0.21266279
227ef0887_100,0.103300296
227ef0887_101,-0.007890053
227ef0887_102,-0.06423034
227ef0887_103,-0.22459775
227ef0887_104,-0.07094227
227ef0887_105,-0.098379605
227ef0887_106,-0.36243907
227ef0887_107,-0.3906669
227ef0887_108,0.11826384
227ef0887_109,-0.020435585
227ef0887_110,-0.24111854
227ef0887_111,-0.1502033
227ef0887_112,0.10735728
227ef0887_113,-0.32966614
227ef0887_114,-0.13699992
227ef0887_115,-0.34634203
227ef0887_116,0.1288462
227ef0887_117,-0.0018878207
227ef0887_118,-0.16548124
227ef0887_119,0.36787814
227ef0887_120,-0.051990006
227ef0887_121,-0.15521157
227ef0887_122,-0.5022703
227ef0887_123,-0.055237256
227ef0887_124,-0.121469945
227ef0887_125,-0.07633112
227ef0887_126,0.2812853
227ef0887_127,0.2290099
227ef0887_128,0.11744615
227ef0887_129,0.70206237
227ef0887_130,0.55768216
227ef0887_131,0.3083501
227ef0887_132,-0.32412958
227ef0887_133,-0.20271434
227ef0887_134,-0.08300839
227ef0887_135,0.2178906
227ef0887_136,0.23011659
227ef0887_137,-0.63737416
227ef0887_138,-0.4981291
227ef0887_139,-0.53045636
227ef0887_140,0.18807505
227ef0887_141,0.27314273
227ef0887_142,-0.105924055
227ef0887_143,-0.68686575
227ef0887_144,0.13665816
227ef0887_145,-0.77596146
227ef0887_146,-0.21647827
227ef0887_147,0.24871542
227ef0887_148,-0.12300363
227ef0887_149,-0.103053786
227ef0887_150,-0.06916679
227ef0887_151,-0.4778471
227ef0887_152,-0.24739659
227ef0887_153,0.25752595
227ef0887_154,-0.6204311
227ef0887_155,0.08304339
227ef0887_156,-0.039545003
227ef0887_157,0.15954815
227ef0887_158,-0.3783244
227ef0887_159,0.28898653
227ef0887_160,-0.1596121
227ef0887_161,-0.046947096
227ef0887_162,0.12036258
227ef0887_163,-0.47210327
227ef0887_164,0.16009887
227ef0887_165,-0.25708967
227ef0887_166,0.55400425
227ef0887_167,-0.16093737
227ef0887_168,-0.07177815
227ef0887_169,0.10648106
227ef0887_170,-0.42234814
227ef0887_171,-0.022263959
227ef0887_172,0.45191276
227ef0887_173,0.37409914
227ef0887_174,-0.14950243
227ef0887_175,0.4004655
227ef0887_176,-0.07416113
227ef0887_177,-0.0009657964
227ef0887_178,0.26129597
227ef0887_179,0.04548791
227ef0887_180,-0.30588567
227ef0887_181,-0.19270092
227ef0887_182,-0.08226888
227ef0887_183,0.046006925
227ef0887_184,0.13907902
227ef0887_185,0.6170534
227ef0887_186,-0.4354864
227ef0887_187,0.29261175
227ef0887_188,0.41939303
227ef0887_189,0.29891524
227ef0887_190,-0.024388798
227ef0887_191,-0.4236586
227ef0887_192,-0.34269947
227ef0887_193,0.27920207
227ef0887_194,-0.3436382
227ef0887_195,-0.23546164
227ef0887_196,0.18962854
227ef0887_197,-0.14563638
227ef0887_198,0.29548568
227ef0887_199,-0.3611953
227ef0887_200,0.56108683
227ef0887_201,0.075917944
227ef0887_202,-0.45374882
227ef0887_203,0.08823942
227ef0887_204,-0.14008065
227ef0887_205,0.112500414
227ef0887_206,0.2658546
227ef0887_207,0.16329813
227ef0887_208,-0.7441092
227ef0887_209,-0.16836663
227ef0887_210,0.62319934
227ef0887_211,-0.08045672
227ef0887_212,-0.11247384
227ef0887_213,-0.23601553
227ef0887_214,0.31529236
227ef0887_215,0.17060715
227ef0887_216,0.20595078
227ef0887_217,-0.121807754
227ef0887_218,-0.5998212
227ef0887_219,0.16612107
227ef0887_220,0.09606688
227ef0887_221,-0.19083485
227ef0887_222,0.5324852
227ef0887_223,0.42510933
227ef0887_224,-0.26886445
227ef0887_225,-0.07573241
227ef0887_226,-0.3913833
227ef0887_227,0.25468364
227ef0887_228,0.02232527
227ef0887_229,-0.24777915
227ef0887_230,-0.14625718
227ef0887_231,0.23469608
227ef0887_232,0.5385975
227ef0887_233,0.4313056
227ef0887_234,-0.5836772
227ef0887_235,-0.1837141
227ef0887_236,-0.25484115
227ef0887_237,0.15984547
227ef0887_238,0.1368067
227ef0887_239,0.018047532
227ef0887_240,0.7364719
227ef0887_241,0.5420213
227ef0887_242,-0.4465139
227ef0887_243,0.06296882
227ef0887_244,-0.16720282
227ef0887_245,-0.045111634
227ef0887_246,-0.013471052
227ef0887_247,-0.27780548
227ef0887_248,-0.19550845
227ef0887_249,0.021015093
227ef0887_250,0.35643327
227ef0887_251,0.1715276
227ef0887_252,0.541468
227ef0887_253,0.036190636
227ef0887_254,0.36548322
227ef0887_255,-0.22813778
227ef0887_256,-0.472887
227ef0887_257,0.00022086687
227ef0887_258,0.31896383
227ef0887_259,-0.07487006
227ef0887_260,0.13233447
227ef0887_261,0.24107042
227ef0887_262,0.15194795
227ef0887_263,0.1725384
227ef0887_264,0.25286353
227ef0887_265,-0.007418789
227ef0887_266,-0.21648178
227ef0887_267,0.4699784
227ef0887_268,0.3018879
227ef0887_269,-0.29098234
227ef0887_270,0.2215087
227ef0887_271,0.022196569
227ef0887_272,0.59284115
227ef0887_273,-0.010998068
227ef0887_274,0.08273136
227ef0887_275,-0.31772912
227ef0887_276,-0.04251665
227ef0887_277,0.10802145
227ef0887_278,-0.33479482
227ef0887_279,0.06274694
227ef0887_280,0.13054058
227ef0887_281,-0.44926527
227ef0887_282,0.54444444
227ef0887_283,-0.2529709
227ef0887_284,-0.03984767
227ef0887_285,0.4426982
227ef0887_286,0.18791279
227ef0887_287,0.33437705
227ef0887_288,-0.1745697
227ef0887_289,-0.27838978
227ef0887_290,-0.32498962
227ef0887_291,-0.111460805
227ef0887_292,0.06435923
227ef0887_293,-0.010790291
227ef0887_294,-0.0028741155
227ef0887_295,0.0052226745
227ef0887_296,0.1494892
227ef0887_297,0.5329337
227ef0887_298,0.14467964
227ef0887_299,0.1996252
227ef0887_300,0.45636743
227ef0887_301,-0.21388337
227ef0887_302,0.14017808
227ef0887_303,-0.43710175
227ef0887_304,-0.6212611
227ef0887_305,-0.12379098
227ef0887_306,0.66888034
227ef0887_307,-0.27117905
227ef0887_308,0.40113348
227ef0887_309,-0.19241326
227ef0887_310,0.019059448
227ef0887_311,-0.66547227
227ef0887_312,0.099779285
227ef0887_313,-0.07069658
227ef0887_314,-0.034722794
227ef0887_315,0.24114737
227ef0887_316,0.30366722
227ef0887_317,-0.43460032
227ef0887_318,0.1090339
227ef0887_319,0.2252
227ef0887_320,0.11139795
227ef0887_321,-0.108556256
227ef0887_322,-0.041760035
227ef0887_323,0.109439075
227ef0887_324,0.119940236
227ef0887_325,0.35340065
227ef0887_326,-0.037752986
227ef0887_327,-0.26535124
227ef0887_328,0.2732799
227ef0887_329,-0.100643516
227ef0887_330,0.019999083
227ef0887_331,0.10864579
227ef0887_332,-0.05804827
227ef0887_333,-0.06693829
227ef0887_334,0.1371247
227ef0887_335,0.15879494
227ef0887_336,-0.43453062
227ef0887_337,-0.6284931
227ef0887_338,-0.23821649
227ef0887_339,0.17702438
227ef0887_340,-0.47905484
227ef0887_341,-0.119701244
227ef0887_342,-0.17682679
227ef0887_343,-0.33084697
227ef0887_344,0.38204604
227ef0887_345,0.023754723
227ef0887_346,-0.2022165
227ef0887_347,0.2979191
227ef0887_348,-0.17841116
227ef0887_349,0.070424214
227ef0887_350,-0.1039925
227ef0887_351,0.7548704
227ef0887_352,-0.10967396
227ef0887_353,0.02337276
227ef0887_354,0.048590418
227ef0887_355,0.1469535
227ef0887_356,0.75362504
227ef0887_357,-0.15889347
227ef0887_358,-0.0075033307
227ef0887_359,0.24804188
227ef0887_360,-0.013988439
227ef0887_361,0.12655878
227ef0887_362,-0.16779938
227ef0887_363,0.29990998
227ef0887_364,0.09747402
227ef0887_365,-0.082263455
227ef0887_366,0.0028482378
227ef0887_367,-0.25068623
227ef0887_368,-0.4745116
227ef0887_369,0.05128116
227ef0887_370,-0.23769447
227ef0887_371,-0.11503519
227ef0887_372,0.41393647
227ef0887_373,-0.09216875
227ef0887_374,0.14513381
227ef0887_375,-0.3141513
227ef0887_376,-0.11149731
227ef0887_377,0.09500673
227ef0887_378,0.28178662
227ef0887_379,-0.43585697
227ef0887_380,-0.18764311
227ef0887_381,-0.16983399
227ef0887_382,-0.49567294
227ef0887_383,0.17598702
20057f34d_0,-0.28283197
20057f34d_1,0.4832219
20057f34d_2,0.32888848
20057f34d_3,0.121116124
20057f34d_4,-0.4127553
20057f34d_5,0.13224341
20057f34d_6,0.28597152
20057f34d_7,-0.20558867
20057f34d_8,0.2629503
20057f34d_9,0.08294698
20057f34d_10,-0.4906898
20057f34d_11,0.39177883
20057f34d_12,-0.06776024
20057f34d_13,-0.25478387
20057f34d_14,0.20766614
20057f34d_15,0.49018466
20057f34d_16,0.1796128
20057f34d_17,0.4565906
20057f34d_18,0.30269593
20057f34d_19,-0.10816918
20057f34d_20,-0.48571384
20057f34d_21,-0.11786664
20057f34d_22,-0.07234869
20057f34d_23,0.04082264
20057f34d_24,-0.377573
20057f34d_25,0.14656559
20057f34d_26,-0.41816926
20057f34d_27,0.0063906834
20057f34d_28,-0.25371277
20057f34d_29,0.027440201
20057f34d_30,0.24082784
20057f34d_31,0.47684416
20057f34d_32,0.26546264
20057f34d_33,0.02798679
20057f34d_34,0.05712313
20057f34d_35,-0.07527825
20057f34d_36,-0.45272577
20057f34d_37,0.10317759
20057f34d_38,0.33202717
20057f34d_39,-0.031845223
20057f34d_40,-0.50346524
20057f34d_41,0.3119672
20057f34d_42,0.20901524
20057f34d_43,-0.23147914
20057f34d_44,0.22650635
20057f34d_45,-0.589158
20057f34d_46,0.022319177
20057f34d_47,0.12382568
20057f34d_48,0.15559663
20057f34d_49,-0.19608796
20057f34d_50,-0.47058347
20057f34d_51,-0.24586383
20057f34d_52,-0.25816497
20057f34d_53,-0.0113943145
20057f34d_54,-0.48539203
20057f34d_55,-0.0995078
20057f34d_56,-0.4701033
20057f34d_57,0.2642122
20057f34d_58,0.16712917
20057f34d_59,0.23398744
20057f34d_60,-0.32619077
20057f34d_61,0.15613492
20057f34d_62,0.54750955
20057f34d_63,0.51890326
20057f34d_64,-0.22069581
20057f34d_65,0.11471284
20057f34d_66,-0.4338093
20057f34d_67,-0.71931916
20057f34d_68,-0.6305531
20057f34d_69,-0.009618714
20057f34d_70,0.37465677
20057f34d_71,-0.38668764
20057f34d_72,-0.117229395
20057f34d_73,-0.58462656
20057f34d_74,-0.13170771
20057f34d_75,-0.08628321
20057f34d_76,-0.24789084
20057f34d_77,-0.04973535
20057f34d_78,-0.26262295
20057f34d_79,0.2976323
20057f34d_80,-0.30843297
20057f34d_81,0.04950359
20057f34d_82,-0.0946158
20057f34d_83,-0.14633337
20057f34d_84,0.057904776
20057f34d_85,0.14173873
20057f34d_86,0.38387805
20057f34d_87,-0.20553607
20057f34d_88,0.23623617
20057f34d_89,0.0869942
20057f34d_90,0.29267043
20057f34d_91,-0.33290404
20057f34d_92,0.28386614
20057f34d_93,0.11769547
20057f34d_94,0.89715374
20057f34d_95,-0.071143806
20057f34d_96,0.24042925
20057f34d_97,-0.32911667
20057f34d_98,0.07795887
20057f34d_99,-0.21266279
20057f34d_100,0.103300296
20057f34d_101,-0.007890053
20057f34d_102,-0.06423034
20057f34d_103,-0.22459775
20057f34d_104,-0.07094227
20057f34d_105,-0.098379605
20057f34d_106,-0.36243907
20057f34d_107,-0.3906669
20057f34d_108,0.11826384
20057f34d_109,-0.020435585
20057f34d_110,-0.24111854
20057f34d_111,-0.1502033
20057f34d_112,0.10735728
20057f34d_113,-0.32966614
20057f34d_114,-0.13699992
20057f34d_115,-0.34634203
20057f34d_116,0.1288462
20057f34d_117,-0.0018878207
20057f34d_118,-0.16548124
20057f34d_119,0.36787814
20057f34d_120,-0.051990006
20057f34d_121,-0.15521157
20057f34d_122,-0.5022703
20057f34d_123,-0.055237256
20057f34d_124,-0.121469945
20057f34d_125,-0.07633112
20057f34d_126,0.2812853
20057f34d_127,0.2290099
20057f34d_128,0.11744615
20057f34d_129,0.70206237
20057f34d_130,0.55768216
20057f34d_131,0.3083501
20057f34d_132,-0.32412958
20057f34d_133,-0.20271434
20057f34d_134,-0.08300839
20057f34d_135,0.2178906
20057f34d_136,0.23011659
20057f34d_137,-0.63737416
20057f34d_138,-0.4981291
20057f34d_139,-0.53045636
20057f34d_140,0.18807505
20057f34d_141,0.27314273
20057f34d_142,-0.105924055
20057f34d_143,-0.68686575
20057f34d_144,0.13665816
20057f34d_145,-0.77596146
20057f34d_146,-0.21647827
20057f34d_147,0.24871542
20057f34d_148,-0.12300363
20057f34d_149,-0.103053786
20057f34d_150,-0.06916679
20057f34d_151,-0.4778471
20057f34d_152,-0.24739659
20057f34d_153,0.25752595
20057f34d_154,-0.6204311
20057f34d_155,0.08304339
20057f34d_156,-0.039545003
20057f34d_157,0.15954815
20057f34d_158,-0.3783244
20057f34d_159,0.28898653
20057f34d_160,-0.1596121
20057f34d_161,-0.046947096
20057f34d_162,0.12036258
20057f34d_163,-0.47210327
20057f34d_164,0.16009887
20057f34d_165,-0.25708967
20057f34d_166,0.55400425
20057f34d_167,-0.16093737
20057f34d_168,-0.07177815
20057f34d_169,0.10648106
20057f34d_170,-0.42234814
20057f34d_171,-0.022263959
20057f34d_172,0.45191276
20057f34d_173,0.37409914
20057f34d_174,-0.14950243
20057f34d_175,0.4004655
20057f34d_176,-0.07416113
20057f34d_177,-0.0009657964
20057f34d_178,0.26129597
20057f34d_179,0.04548791
20057f34d_180,-0.30588567
20057f34d_181,-0.19270092
20057f34d_182,-0.08226888
20057f34d_183,0.046006925
20057f34d_184,0.13907902
20057f34d_185,0.6170534
20057f34d_186,-0.4354864
20057f34d_187,0.29261175
20057f34d_188,0.41939303
20057f34d_189,0.29891524
20057f34d_190,-0.024388798
20057f34d_191,-0.4236586
20057f34d_192,-0.34269947
20057f34d_193,0.27920207
20057f34d_194,-0.3436382
20057f34d_195,-0.23546164
20057f34d_196,0.18962854
20057f34d_197,-0.14563638
20057f34d_198,0.29548568
20057f34d_199,-0.3611953
20057f34d_200,0.56108683
20057f34d_201,0.075917944
20057f34d_202,-0.45374882
20057f34d_203,0.08823942
20057f34d_204,-0.14008065
20057f34d_205,0.112500414
20057f34d_206,0.2658546
20057f34d_207,0.16329813
20057f34d_208,-0.7441092
20057f34d_209,-0.16836663
20057f34d_210,0.62319934
20057f34d_211,-0.08045672
20057f34d_212,-0.11247384
20057f34d_213,-0.23601553
20057f34d_214,0.31529236
20057f34d_215,0.17060715
20057f34d_216,0.20595078
20057f34d_217,-0.121807754
20057f34d_218,-0.5998212
20057f34d_219,0.16612107
20057f34d_220,0.09606688
20057f34d_221,-0.19083485
20057f34d_222,0.5324852
20057f34d_223,0.42510933
20057f34d_224,-0.26886445
20057f34d_225,-0.07573241
20057f34d_226,-0.3913833
20057f34d_227,0.25468364
20057f34d_228,0.02232527
20057f34d_229,-0.24777915
20057f34d_230,-0.14625718
20057f34d_231,0.23469608
20057f34d_232,0.5385975
20057f34d_233,0.4313056
20057f34d_234,-0.5836772
20057f34d_235,-0.1837141
20057f34d_236,-0.25484115
20057f34d_237,0.15984547
20057f34d_238,0.1368067
20057f34d_239,0.018047532
20057f34d_240,0.7364719
20057f34d_241,0.5420213
20057f34d_242,-0.4465139
20057f34d_243,0.06296882
20057f34d_244,-0.16720282
20057f34d_245,-0.045111634
20057f34d_246,-0.013471052
20057f34d_247,-0.27780548
20057f34d_248,-0.19550845
20057f34d_249,0.021015093
20057f34d_250,0.35643327
20057f34d_251,0.1715276
20057f34d_252,0.541468
20057f34d_253,0.036190636
20057f34d_254,0.36548322
20057f34d_255,-0.22813778
20057f34d_256,-0.472887
20057f34d_257,0.00022086687
20057f34d_258,0.31896383
20057f34d_259,-0.07487006
20057f34d_260,0.13233447
20057f34d_261,0.24107042
20057f34d_262,0.15194795
20057f34d_263,0.1725384
20057f34d_264,0.25286353
20057f34d_265,-0.007418789
20057f34d_266,-0.21648178
20057f34d_267,0.4699784
20057f34d_268,0.3018879
20057f34d_269,-0.29098234
20057f34d_270,0.2215087
20057f34d_271,0.022196569
20057f34d_272,0.59284115
20057f34d_273,-0.010998068
20057f34d_274,0.08273136
20057f34d_275,-0.31772912
20057f34d_276,-0.04251665
20057f34d_277,0.10802145
20057f34d_278,-0.33479482
20057f34d_279,0.06274694
20057f34d_280,0.13054058
20057f34d_281,-0.44926527
20057f34d_282,0.54444444
20057f34d_283,-0.2529709
20057f34d_284,-0.03984767
20057f34d_285,0.4426982
20057f34d_286,0.18791279
20057f34d_287,0.33437705
20057f34d_288,-0.1745697
20057f34d_289,-0.27838978
20057f34d_290,-0.32498962
20057f34d_291,-0.111460805
20057f34d_292,0.06435923
20057f34d_293,-0.010790291
20057f34d_294,-0.0028741155
20057f34d_295,0.0052226745
20057f34d_296,0.1494892
20057f34d_297,0.5329337
20057f34d_298,0.14467964
20057f34d_299,0.1996252
20057f34d_300,0.45636743
20057f34d_301,-0.21388337
20057f34d_302,0.14017808
20057f34d_303,-0.43710175
20057f34d_304,-0.6212611
20057f34d_305,-0.12379098
20057f34d_306,0.66888034
20057f34d_307,-0.27117905
20057f34d_308,0.40113348
20057f34d_309,-0.19241326
20057f34d_310,0.019059448
20057f34d_311,-0.66547227
20057f34d_312,0.099779285
20057f34d_313,-0.07069658
20057f34d_314,-0.034722794
20057f34d_315,0.24114737
20057f34d_316,0.30366722
20057f34d_317,-0.43460032
20057f34d_318,0.1090339
20057f34d_319,0.2252
20057f34d_320,0.11139795
20057f34d_321,-0.108556256
20057f34d_322,-0.041760035
20057f34d_323,0.109439075
20057f34d_324,0.119940236
20057f34d_325,0.35340065
20057f34d_326,-0.037752986
20057f34d_327,-0.26535124
20057f34d_328,0.2732799
20057f34d_329,-0.100643516
20057f34d_330,0.019999083
20057f34d_331,0.10864579
20057f34d_332,-0.05804827
20057f34d_333,-0.06693829
20057f34d_334,0.1371247
20057f34d_335,0.15879494
20057f34d_336,-0.43453062
20057f34d_337,-0.6284931
20057f34d_338,-0.23821649
20057f34d_339,0.17702438
20057f34d_340,-0.47905484
20057f34d_341,-0.119701244
20057f34d_342,-0.17682679
20057f34d_343,-0.33084697
20057f34d_344,0.38204604
20057f34d_345,0.023754723
20057f34d_346,-0.2022165
20057f34d_347,0.2979191
20057f34d_348,-0.17841116
20057f34d_349,0.070424214
20057f34d_350,-0.1039925
20057f34d_351,0.7548704
20057f34d_352,-0.10967396
20057f34d_353,0.02337276
20057f34d_354,0.048590418
20057f34d_355,0.1469535
20057f34d_356,0.75362504
20057f34d_357,-0.15889347
20057f34d_358,-0.0075033307
20057f34d_359,0.24804188
20057f34d_360,-0.013988439
20057f34d_361,0.12655878
20057f34d_362,-0.16779938
20057f34d_363,0.29990998
20057f34d_364,0.09747402
20057f34d_365,-0.082263455
20057f34d_366,0.0028482378
20057f34d_367,-0.25068623
20057f34d_368,-0.4745116
20057f34d_369,0.05128116
20057f34d_370,-0.23769447
20057f34d_371,-0.11503519
20057f34d_372,0.41393647
20057f34d_373,-0.09216875
20057f34d_374,0.14513381
20057f34d_375,-0.3141513
20057f34d_376,-0.11149731
20057f34d_377,0.09500673
20057f34d_378,0.28178662
20057f34d_379,-0.43585697
20057f34d_380,-0.18764311
20057f34d_381,-0.16983399
20057f34d_382,-0.49567294
20057f34d_383,0.17598702
92e911621_0,-0.28283197
92e911621_1,0.4832219
92e911621_2,0.32888848
92e911621_3,0.121116124
92e911621_4,-0.4127553
92e911621_5,0.13224341
92e911621_6,0.28597152
92e911621_7,-0.20558867
92e911621_8,0.2629503
92e911621_9,0.08294698
92e911621_10,-0.4906898
92e911621_11,0.39177883
92e911621_12,-0.06776024
92e911621_13,-0.25478387
92e911621_14,0.20766614
92e911621_15,0.49018466
92e911621_16,0.1796128
92e911621_17,0.4565906
92e911621_18,0.30269593
92e911621_19,-0.10816918
92e911621_20,-0.48571384
92e911621_21,-0.11786664
92e911621_22,-0.07234869
92e911621_23,0.04082264
92e911621_24,-0.377573
92e911621_25,0.14656559
92e911621_26,-0.41816926
92e911621_27,0.0063906834
92e911621_28,-0.25371277
92e911621_29,0.027440201
92e911621_30,0.24082784
92e911621_31,0.47684416
92e911621_32,0.26546264
92e911621_33,0.02798679
92e911621_34,0.05712313
92e911621_35,-0.07527825
92e911621_36,-0.45272577
92e911621_37,0.10317759
92e911621_38,0.33202717
92e911621_39,-0.031845223
92e911621_40,-0.50346524
92e911621_41,0.3119672
92e911621_42,0.20901524
92e911621_43,-0.23147914
92e911621_44,0.22650635
92e911621_45,-0.589158
92e911621_46,0.022319177
92e911621_47,0.12382568
92e911621_48,0.15559663
92e911621_49,-0.19608796
92e911621_50,-0.47058347
92e911621_51,-0.24586383
92e911621_52,-0.25816497
92e911621_53,-0.0113943145
92e911621_54,-0.48539203
92e911621_55,-0.0995078
92e911621_56,-0.4701033
92e911621_57,0.2642122
92e911621_58,0.16712917
92e911621_59,0.23398744
92e911621_60,-0.32619077
92e911621_61,0.15613492
92e911621_62,0.54750955
92e911621_63,0.51890326
92e911621_64,-0.22069581
92e911621_65,0.11471284
92e911621_66,-0.4338093
92e911621_67,-0.71931916
92e911621_68,-0.6305531
92e911621_69,-0.009618714
92e911621_70,0.37465677
92e911621_71,-0.38668764
92e911621_72,-0.117229395
92e911621_73,-0.58462656
92e911621_74,-0.13170771
92e911621_75,-0.08628321
92e911621_76,-0.24789084
92e911621_77,-0.04973535
92e911621_78,-0.26262295
92e911621_79,0.2976323
92e911621_80,-0.30843297
92e911621_81,0.04950359
92e911621_82,-0.0946158
92e911621_83,-0.14633337
92e911621_84,0.057904776
92e911621_85,0.14173873
92e911621_86,0.38387805
92e911621_87,-0.20553607
92e911621_88,0.23623617
92e911621_89,0.0869942
92e911621_90,0.29267043
92e911621_91,-0.33290404
92e911621_92,0.28386614
92e911621_93,0.11769547
92e911621_94,0.89715374
92e911621_95,-0.071143806
92e911621_96,0.24042925
92e911621_97,-0.32911667
92e911621_98,0.07795887
92e911621_99,-0.21266279
92e911621_100,0.103300296
92e911621_101,-0.007890053
92e911621_102,-0.06423034
92e911621_103,-0.22459775
92e911621_104,-0.07094227
92e911621_105,-0.098379605
92e911621_106,-0.36243907
92e911621_107,-0.3906669
92e911621_108,0.11826384
92e911621_109,-0.020435585
92e911621_110,-0.24111854
92e911621_111,-0.1502033
92e911621_112,0.10735728
92e911621_113,-0.32966614
92e911621_114,-0.13699992
92e911621_115,-0.34634203
92e911621_116,0.1288462
92e911621_117,-0.0018878207
92e911621_118,-0.16548124
92e911621_119,0.36787814
92e911621_120,-0.051990006
92e911621_121,-0.15521157
92e911621_122,-0.5022703
92e911621_123,-0.055237256
92e911621_124,-0.121469945
92e911621_125,-0.07633112
92e911621_126,0.2812853
92e911621_127,0.2290099
92e911621_128,0.11744615
92e911621_129,0.70206237
92e911621_130,0.55768216
92e911621_131,0.3083501
92e911621_132,-0.32412958
92e911621_133,-0.20271434
92e911621_134,-0.08300839
92e911621_135,0.2178906
92e911621_136,0.23011659
92e911621_137,-0.63737416
92e911621_138,-0.4981291
92e911621_139,-0.53045636
92e911621_140,0.18807505
92e911621_141,0.27314273
92e911621_142,-0.105924055
92e911621_143,-0.68686575
92e911621_144,0.13665816
92e911621_145,-0.77596146
92e911621_146,-0.21647827
92e911621_147,0.24871542
92e911621_148,-0.12300363
92e911621_149,-0.103053786
92e911621_150,-0.06916679
92e911621_151,-0.4778471
92e911621_152,-0.24739659
92e911621_153,0.25752595
92e911621_154,-0.6204311
92e911621_155,0.08304339
92e911621_156,-0.039545003
92e911621_157,0.15954815
92e911621_158,-0.3783244
92e911621_159,0.28898653
92e911621_160,-0.1596121
92e911621_161,-0.046947096
92e911621_162,0.12036258
92e911621_163,-0.47210327
92e911621_164,0.16009887
92e911621_165,-0.25708967
92e911621_166,0.55400425
92e911621_167,-0.16093737
92e911621_168,-0.07177815
92e911621_169,0.10648106
92e911621_170,-0.42234814
92e911621_171,-0.022263959
92e911621_172,0.45191276
92e911621_173,0.37409914
92e911621_174,-0.14950243
92e911621_175,0.4004655
92e911621_176,-0.07416113
92e911621_177,-0.0009657964
92e911621_178,0.26129597
92e911621_179,0.04548791
92e911621_180,-0.30588567
92e911621_181,-0.19270092
92e911621_182,-0.08226888
92e911621_183,0.046006925
92e911621_184,0.13907902
92e911621_185,0.6170534
92e911621_186,-0.4354864
92e911621_187,0.29261175
92e911621_188,0.41939303
92e911621_189,0.29891524
92e911621_190,-0.024388798
92e911621_191,-0.4236586
92e911621_192,-0.34269947
92e911621_193,0.27920207
92e911621_194,-0.3436382
92e911621_195,-0.23546164
92e911621_196,0.18962854
92e911621_197,-0.14563638
92e911621_198,0.29548568
92e911621_199,-0.3611953
92e911621_200,0.56108683
92e911621_201,0.075917944
92e911621_202,-0.45374882
92e911621_203,0.08823942
92e911621_204,-0.14008065
92e911621_205,0.112500414
92e911621_206,0.2658546
92e911621_207,0.16329813
92e911621_208,-0.7441092
92e911621_209,-0.16836663
92e911621_210,0.62319934
92e911621_211,-0.08045672
92e911621_212,-0.11247384
92e911621_213,-0.23601553
92e911621_214,0.31529236
92e911621_215,0.17060715
92e911621_216,0.20595078
92e911621_217,-0.121807754
92e911621_218,-0.5998212
92e911621_219,0.16612107
92e911621_220,0.09606688
92e911621_221,-0.19083485
92e911621_222,0.5324852
92e911621_223,0.42510933
92e911621_224,-0.26886445
92e911621_225,-0.07573241
92e911621_226,-0.3913833
92e911621_227,0.25468364
92e911621_228,0.02232527
92e911621_229,-0.24777915
92e911621_230,-0.14625718
92e911621_231,0.23469608
92e911621_232,0.5385975
92e911621_233,0.4313056
92e911621_234,-0.5836772
92e911621_235,-0.1837141
92e911621_236,-0.25484115
92e911621_237,0.15984547
92e911621_238,0.1368067
92e911621_239,0.018047532
92e911621_240,0.7364719
92e911621_241,0.5420213
92e911621_242,-0.4465139
92e911621_243,0.06296882
92e911621_244,-0.16720282
92e911621_245,-0.045111634
92e911621_246,-0.013471052
92e911621_247,-0.27780548
92e911621_248,-0.19550845
92e911621_249,0.021015093
92e911621_250,0.35643327
92e911621_251,0.1715276
92e911621_252,0.541468
92e911621_253,0.036190636
92e911621_254,0.36548322
92e911621_255,-0.22813778
92e911621_256,-0.472887
92e911621_257,0.00022086687
92e911621_258,0.31896383
92e911621_259,-0.07487006
92e911621_260,0.13233447
92e911621_261,0.24107042
92e911621_262,0.15194795
92e911621_263,0.1725384
92e911621_264,0.25286353
92e911621_265,-0.007418789
92e911621_266,-0.21648178
92e911621_267,0.4699784
92e911621_268,0.3018879
92e911621_269,-0.29098234
92e911621_270,0.2215087
92e911621_271,0.022196569
92e911621_272,0.59284115
92e911621_273,-0.010998068
92e911621_274,0.08273136
92e911621_275,-0.31772912
92e911621_276,-0.04251665
92e911621_277,0.10802145
92e911621_278,-0.33479482
92e911621_279,0.06274694
92e911621_280,0.13054058
92e911621_281,-0.44926527
92e911621_282,0.54444444
92e911621_283,-0.2529709
92e911621_284,-0.03984767
92e911621_285,0.4426982
92e911621_286,0.18791279
92e911621_287,0.33437705
92e911621_288,-0.1745697
92e911621_289,-0.27838978
92e911621_290,-0.32498962
92e911621_291,-0.111460805
92e911621_292,0.06435923
92e911621_293,-0.010790291
92e911621_294,-0.0028741155
92e911621_295,0.0052226745
92e911621_296,0.1494892
92e911621_297,0.5329337
92e911621_298,0.14467964
92e911621_299,0.1996252
92e911621_300,0.45636743
92e911621_301,-0.21388337
92e911621_302,0.14017808
92e911621_303,-0.43710175
92e911621_304,-0.6212611
92e911621_305,-0.12379098
92e911621_306,0.66888034
92e911621_307,-0.27117905
92e911621_308,0.40113348
92e911621_309,-0.19241326
92e911621_310,0.019059448
92e911621_311,-0.66547227
92e911621_312,0.099779285
92e911621_313,-0.07069658
92e911621_314,-0.034722794
92e911621_315,0.24114737
92e911621_316,0.30366722
92e911621_317,-0.43460032
92e911621_318,0.1090339
92e911621_319,0.2252
92e911621_320,0.11139795
92e911621_321,-0.108556256
92e911621_322,-0.041760035
92e911621_323,0.109439075
92e911621_324,0.119940236
92e911621_325,0.35340065
92e911621_326,-0.037752986
92e911621_327,-0.26535124
92e911621_328,0.2732799
92e911621_329,-0.100643516
92e911621_330,0.019999083
92e911621_331,0.10864579
92e911621_332,-0.05804827
92e911621_333,-0.06693829
92e911621_334,0.1371247
92e911621_335,0.15879494
92e911621_336,-0.43453062
92e911621_337,-0.6284931
92e911621_338,-0.23821649
92e911621_339,0.17702438
92e911621_340,-0.47905484
92e911621_341,-0.119701244
92e911621_342,-0.17682679
92e911621_343,-0.33084697
92e911621_344,0.38204604
92e911621_345,0.023754723
92e911621_346,-0.2022165
92e911621_347,0.2979191
92e911621_348,-0.17841116
92e911621_349,0.070424214
92e911621_350,-0.1039925
92e911621_351,0.7548704
92e911621_352,-0.10967396
92e911621_353,0.02337276
92e911621_354,0.048590418
92e911621_355,0.1469535
92e911621_356,0.75362504
92e911621_357,-0.15889347
92e911621_358,-0.0075033307
92e911621_359,0.24804188
92e911621_360,-0.013988439
92e911621_361,0.12655878
92e911621_362,-0.16779938
92e911621_363,0.29990998
92e911621_364,0.09747402
92e911621_365,-0.082263455
92e911621_366,0.0028482378
92e911621_367,-0.25068623
92e911621_368,-0.4745116
92e911621_369,0.05128116
92e911621_370,-0.23769447
92e911621_371,-0.11503519
92e911621_372,0.41393647
92e911621_373,-0.09216875
92e911621_374,0.14513381
92e911621_375,-0.3141513
92e911621_376,-0.11149731
92e911621_377,0.09500673
92e911621_378,0.28178662
92e911621_379,-0.43585697
92e911621_380,-0.18764311
92e911621_381,-0.16983399
92e911621_382,-0.49567294
92e911621_383,0.17598702
